cohort,scenario_id,scenario_name,stimulus_type,stimulus_semantics,trigger_signal,trigger_rule,source_file_type,onset_exactness,script_onset_available,online_proxy_onset_available,script_minus_proxy_time_s,online_observable,online_observable_assumption,number_of_subjects,number_of_recordings,number_of_candidate_stimuli,number_included_after_contract,confidence,unresolved_issue
august_2025,august_recording_family,场景运行顺序可恢复，单次脚本名称未完整恢复,enter_low_mu_scene,每个recording第一次从普通附着跨入mu<=0.4低附着场景,mu,"first per recording: mu 0.800 -> 0.400, crossing into mu<=0.400",continuous_vehicle_csv,exact_recorded_script_state_change,True,False,,script_label_only,当前数据没有证明部署端可在同一时刻直接观测mu，需要地图或在线附着估计器,19,19,19,7,high_time_high_signal,每个recording只保留首次低附着进入；无合法零延迟在线代理，当前仅可作为脚本标签
original,shared_original_route,场景运行顺序可恢复，单次脚本名称未完整恢复,distance_threshold_ExternTrigger01,外部触发编号已确认，目标交通行为语义未在文本配置中恢复,pointdistance,pointdistance < 30 m,continuous_vehicle_csv,exact_configuration_threshold,True,True,0.0,yes_with_target_perception,部署端需要目标识别与相对距离感知,18,77,80,80,high_time_medium_semantics,外部触发编号对应的具体交通车动作语义尚缺权威脚本映射
original,shared_original_route,场景运行顺序可恢复，单次脚本名称未完整恢复,distance_threshold_ExternTrigger03,外部触发编号已确认，目标交通行为语义未在文本配置中恢复,distance7,distance7 < 30 m,continuous_vehicle_csv,exact_configuration_threshold,True,True,0.0,yes_with_target_perception,部署端需要目标识别与相对距离感知,18,73,74,74,high_time_medium_semantics,外部触发编号对应的具体交通车动作语义尚缺权威脚本映射
original,shared_original_route,场景运行顺序可恢复，单次脚本名称未完整恢复,distance_threshold_ExternTrigger04,外部触发编号已确认，目标交通行为语义未在文本配置中恢复,distance8,distance8 < 30 m,continuous_vehicle_csv,exact_configuration_threshold,True,True,0.0,yes_with_target_perception,部署端需要目标识别与相对距离感知,17,70,71,71,high_time_medium_semantics,外部触发编号对应的具体交通车动作语义尚缺权威脚本映射
original,shared_original_route,场景运行顺序可恢复，单次脚本名称未完整恢复,distance_threshold_ExternTrigger06,外部触发编号已确认，目标交通行为语义未在文本配置中恢复,pointdistance9,pointdistance9 < 30 m,continuous_vehicle_csv,exact_configuration_threshold,True,True,0.0,yes_with_target_perception,部署端需要目标识别与相对距离感知,18,72,80,80,high_time_medium_semantics,外部触发编号对应的具体交通车动作语义尚缺权威脚本映射
original,shared_original_route,场景运行顺序可恢复，单次脚本名称未完整恢复,enter_low_mu_scene,每个recording第一次从普通附着跨入mu<=0.4低附着场景,mu,"first per recording: mu 0.800 -> 0.400, crossing into mu<=0.400",continuous_vehicle_csv,exact_recorded_script_state_change,True,False,,script_label_only,当前数据没有证明部署端可在同一时刻直接观测mu，需要地图或在线附着估计器,15,63,63,63,high_time_high_signal,每个recording只保留首次低附着进入；无合法零延迟在线代理，当前仅可作为脚本标签
august_2025,inventory_only,仅字段盘点,not_promoted_signal_inventory,潜在线索，未作为刺激事件,distance_left/right,none,continuous_vehicle_csv,not_mapped,False,False,,unknown,需先恢复场景脚本语义,26,136,0,0,inventory_only,道路边界距离存在，但不是已证实脚本刺激
original,inventory_only,仅字段盘点,not_promoted_signal_inventory,潜在线索，未作为刺激事件,curvature/lateral_distance,none,continuous_vehicle_csv,not_mapped,False,False,,unknown,需先恢复场景脚本语义,18,85,0,0,inventory_only,道路几何存在，但不能把普通道路变化自动命名为极端刺激
august_2025,inventory_only,仅字段盘点,not_promoted_signal_inventory,潜在线索，未作为刺激事件,curvature/lateral_distance,none,continuous_vehicle_csv,not_mapped,False,False,,unknown,需先恢复场景脚本语义,26,136,0,0,inventory_only,道路几何存在，但不能把普通道路变化自动命名为极端刺激
